sku,qty,id,level
1E+11,20,2A100,B
1E+11,1,2A100,C
1E+11,14,2A100,D
1E+11,15,2A100,G
1E+11,13,2A101,B
1E+11,10,2A101,C
1E+11,6,2A101,E
1E+11,26,2A101,F
1E+11,15,2A101,G
1E+11,20,2A102,B
1E+11,17,2A102,C
1E+11,5,2A102,D
1E+11,25,2A103,B
1E+11,20,2A103,C
1E+11,12,2A103,D
9.99997E+11,2,2A103,E
1E+11,11,2A103,F
1E+11,6,2A103,G
1E+11,19,2A104,B
1E+11,20,2A104,C
1E+11,16,2A104,E
1E+11,15,2A104,G
1E+11,11,2A105,B
1E+11,29,2A105,C
1E+11,10,2A105,E
1E+11,24,2A105,G
1E+11,13,2A106,B
1E+11,18,2A106,C
1E+11,14,2A106,D
1E+11,11,2A106,E
1E+11,1,2A106,F
1E+11,6,2A107,B
1E+11,15,2A107,C
1E+11,15,2A107,D
1E+11,15,2A107,E
1E+11,16,2A107,F
1E+11,6,2A107,G
1E+11,3,2A107,H
1E+11,18,2A108,B
1E+11,5,2A108,C
1E+11,4,2A108,D
1E+11,9,2A108,E
1E+11,28,2A108,F
1E+11,11,2A109,C
9.99997E+11,14,2A109,D
9.99998E+11,8,2A109,E
1E+11,16,2A10,D
1E+11,5,2A10,E
1E+11,10,2A10,F
1E+11,1,2A10,G
1E+11,19,2A110,B
1E+11,4,2A110,C
1E+11,16,2A110,D
1E+11,17,2A111,B
1E+11,11,2A111,C
1E+11,7,2A111,D
1E+11,6,2A111,E
1E+11,7,2A111,F
1E+11,2,2A111,H
9.99999E+11,26,2A112,B
1E+11,1,2A112,C
1E+11,11,2A112,D
1E+11,8,2A112,E
1E+11,7,2A112,F
1E+11,11,2A113,B
1E+11,2,2A113,C
1E+11,21,2A113,E
1E+11,15,2A113,G
1E+11,18,2A114,B
9.99999E+11,20,2A114,C
1E+11,9,2A114,D
1E+11,19,2A114,E
1E+11,8,2A114,F
1E+11,18,2A115,B
1E+11,3,2A115,C
1E+11,11,2A115,D
1E+11,1,2A115,E
1E+11,5,2A115,F
1E+11,10,2A116,B
1E+11,9,2A116,C
1E+11,20,2A116,D
1E+11,10,2A116,E
9.99999E+11,9,2A116,F
9.99999E+11,20,2A116,G
9.99999E+11,22,2A117,B
1E+11,16,2A117,C
1E+11,1,2A117,D
1E+11,11,2A117,E
1E+11,12,2A117,F
1E+11,5,2A117,G
1E+11,5,2A118,B
1E+11,5,2A118,D
1E+11,16,2A118,F
1E+11,7,2A119,B
1E+11,5,2A119,C
1E+11,1,2A119,D
1E+11,21,2A119,E
1E+11,22,2A119,F
1E+11,28,2A11,B
1E+11,29,2A11,C
1E+11,25,2A11,D
1E+11,21,2A11,E
1E+11,20,2A11,F
1E+11,3,2A120,B
1E+11,18,2A120,C
1E+11,5,2A120,D
1E+11,56,2A120,E
1E+11,18,2A120,F
1E+11,20,2A120,G
1E+11,7,2A121,A
1E+11,19,2A121,B
1E+11,12,2A121,C
1E+11,12,2A121,D
1E+11,7,2A121,F
1E+11,8,2A121,G
1E+11,9,2A121,H
1E+11,15,2A122,B
1E+11,16,2A122,C
1E+11,18,2A122,D
1E+11,15,2A122,E
1E+11,5,2A122,F
1E+11,6,2A122,G
1E+11,8,2A122,H
1E+11,6,2A123,A
1E+11,15,2A123,B
1E+11,20,2A123,C
1E+11,7,2A123,D
1E+11,5,2A123,E
1E+11,9,2A123,F
1E+11,11,2A123,G
1E+11,13,2A123,H
1E+11,13,2A124,C
1E+11,7,2A124,D
1E+11,5,2A124,E
1E+11,44,2A124,F
1E+11,10,2A124,G
1E+11,1,2A124,H
1E+11,11,2A125,A
1E+11,20,2A125,B
1E+11,2,2A125,D
1E+11,8,2A125,E
1E+11,10,2A125,F
1E+11,21,2A125,G
1E+11,4,2A126,C
1E+11,3,2A126,D
1E+11,7,2A126,E
1E+11,5,2A126,F
1E+11,9,2A126,G
1E+11,3,2A127,A
1E+11,9,2A127,C
1E+11,15,2A127,D
1E+11,10,2A127,E
1E+11,2,2A127,F
1E+11,11,2A127,G
9.99998E+11,13,2A127,H
1E+11,9,2A128,B
1E+11,29,2A128,C
1E+11,8,2A128,D
1E+11,6,2A128,E
1E+11,12,2A128,F
1E+11,12,2A128,G
1E+11,10,2A128,H
9.99999E+11,25,2A129,A
1E+11,19,2A129,B
1E+11,9,2A129,C
1E+11,17,2A129,D
1E+11,15,2A129,E
1E+11,10,2A129,F
1E+11,21,2A129,G
9.99998E+11,15,2A129,H
9.99999E+11,14,2A12,C
1E+11,6,2A12,D
1E+11,10,2A12,E
1E+11,15,2A12,F
1E+11,15,2A130,C
1E+11,29,2A130,D
1E+11,12,2A130,E
1E+11,15,2A130,F
1E+11,7,2A130,G
1E+11,7,2A130,H
1E+11,34,2A131,B
1E+11,4,2A131,C
1E+11,20,2A131,D
1E+11,19,2A131,E
1E+11,2,2A131,G
1E+11,5,2A131,H
9.99999E+11,2,2A132,C
1E+11,9,2A132,D
1E+11,3,2A132,E
1E+11,10,2A132,F
1E+11,13,2A132,G
1E+11,12,2A132,H
1E+11,12,2A133,A
1E+11,17,2A133,C
1E+11,21,2A133,D
1E+11,27,2A133,E
1E+11,12,2A133,F
1E+11,16,2A133,G
1E+11,10,2A133,H
1E+11,12,2A134,B
1E+11,15,2A134,C
1E+11,25,2A134,D
1E+11,25,2A134,E
1E+11,9,2A134,F
1E+11,10,2A134,G
1E+11,20,2A135,B
1E+11,10,2A135,C
1E+11,19,2A135,D
1E+11,19,2A135,E
1E+11,19,2A135,F
1E+11,20,2A135,G
1E+11,2,2A136,B
1E+11,32,2A136,C
1E+11,12,2A136,D
1E+11,6,2A136,F
1E+11,14,2A136,G
1E+11,10,2A136,H
1E+11,20,2A137,B
1E+11,28,2A137,D
1E+11,6,2A137,E
1E+11,17,2A137,G
9.99998E+11,10,2A137,H
1E+11,10,2A138,B
1E+11,7,2A138,C
1E+11,10,2A138,D
1E+11,15,2A138,E
1E+11,11,2A138,F
1E+11,20,2A139,B
1E+11,15,2A139,C
1E+11,5,2A139,D
1E+11,7,2A139,F
1E+11,16,2A139,G
1E+11,2,2A13,B
1E+11,15,2A13,C
1E+11,16,2A13,D
1E+11,26,2A13,E
1E+11,18,2A13,F
1E+11,21,2A13,G
1E+11,12,2A140,B
1E+11,13,2A140,C
1E+11,17,2A140,D
1E+11,15,2A140,E
1E+11,20,2A140,F
1E+11,20,2A140,H
1E+11,30,2A141,B
1E+11,15,2A141,C
1E+11,15,2A141,D
1E+11,5,2A141,G
1E+11,15,2A142,B
1E+11,35,2A142,C
1E+11,15,2A142,D
1E+11,19,2A142,E
1E+11,13,2A142,F
1E+11,5,2A142,G
9.99998E+11,44,2A142,H
1E+11,10,2A143,B
1E+11,35,2A143,C
1E+11,15,2A143,D
9.99997E+11,2,2A143,E
1E+11,18,2A144,B
1E+11,15,2A144,C
1E+11,10,2A144,D
1E+11,17,2A144,E
1E+11,18,2A144,F
9.99997E+11,5,2A144,G
1E+11,10,2A145,A
1E+11,22,2A145,B
1E+11,7,2A145,D
1E+11,1,2A145,E
1E+11,32,2A145,F
1E+11,9,2A145,G
1E+11,20,2A146,A
1E+11,10,2A146,B
1E+11,10,2A146,C
1E+11,17,2A146,D
1E+11,13,2A146,E
1E+11,25,2A146,F
1E+11,9,2A146,G
1E+11,20,2A146,H
1E+11,6,2A147,A
9.99999E+11,5,2A147,B
1E+11,5,2A147,F
1E+11,6,2A147,G
1E+11,18,2A147,H
1E+11,10,2A148,A
1E+11,18,2A148,B
1E+11,8,2A148,D
1E+11,10,2A148,E
1E+11,10,2A148,F
1E+11,16,2A149,A
1E+11,20,2A149,B
1E+11,4,2A149,D
1E+11,5,2A149,F
1E+11,5,2A149,G
1E+11,20,2A149,H
1E+11,5,2A14,B
1E+11,1,2A14,C
1E+11,3,2A14,D
1E+11,18,2A14,E
1E+11,2,2A14,F
1E+11,26,2A14,G
1E+11,15,2A150,B
1E+11,20,2A150,C
1E+11,4,2A150,E
1E+11,12,2A150,F
1E+11,18,2A150,G
1E+11,22,2A151,A
1E+11,6,2A151,B
1E+11,12,2A151,D
1E+11,53,2A151,E
1E+11,14,2A151,F
1E+11,15,2A151,G
1E+11,10,2A152,A
1E+11,1,2A152,B
1E+11,3,2A152,B
9.99998E+11,13,2A152,C
9.99998E+11,15,2A152,D
9.99998E+11,15,2A152,E
1E+11,24,2A152,F
1E+11,4,2A152,G
9.99999E+11,1,2A153,A
1E+11,12,2A153,B
1E+11,8,2A153,C
1E+11,15,2A153,D
1E+11,20,2A153,F
1E+11,18,2A153,H
1E+11,47,2A154,A
1E+11,15,2A154,B
1E+11,20,2A154,C
9.99998E+11,10,2A154,D
1E+11,16,2A154,E
1E+11,15,2A154,F
1E+11,1,2A154,G
9.99998E+11,6,2A154,H
1E+11,18,2A155,A
1E+11,5,2A155,C
1E+11,1,2A155,D
1E+11,62,2A155,E
1E+11,18,2A155,F
1E+11,20,2A155,G
1E+11,20,2A155,H
1E+11,13,2A156,B
1E+11,6,2A156,C
1E+11,63,2A156,D
1E+11,12,2A156,E
1E+11,3,2A156,F
1E+11,14,2A156,G
1E+11,15,2A156,H
1E+11,25,2A157,A
1E+11,14,2A157,B
1E+11,12,2A157,C
9.99998E+11,20,2A157,D
1E+11,12,2A157,E
1E+11,15,2A157,F
1E+11,14,2A157,G
1E+11,15,2A157,H
1E+11,10,2A158,A
1E+11,14,2A158,B
1E+11,13,2A158,C
1E+11,13,2A158,D
1E+11,14,2A158,E
1E+11,20,2A158,G
1E+11,18,2A158,H
1E+11,18,2A159,A
1E+11,6,2A159,B
1E+11,25,2A159,C
1E+11,25,2A159,D
9.99998E+11,20,2A159,E
1E+11,18,2A159,F
1E+11,18,2A159,G
1E+11,19,2A159,H
1E+11,8,2A15,B
9.99999E+11,21,2A15,D
1E+11,7,2A15,E
1E+11,14,2A15,F
1E+11,9,2A15,G
1E+11,19,2A160,A
1E+11,12,2A160,B
1E+11,23,2A160,C
1E+11,14,2A160,D
1E+11,13,2A160,E
1E+11,20,2A160,F
1E+11,15,2A160,G
1E+11,1,2A160,H
1E+11,1,2A161,B
1E+11,1,2A161,C
1E+11,1,2A161,C
1E+11,19,2A161,D
9.99998E+11,20,2A161,E
1E+11,10,2A161,F
1E+11,1,2A161,G
1E+11,26,2A162,A
1E+11,30,2A162,B
9.99998E+11,20,2A162,C
1E+11,18,2A162,D
1E+11,3,2A162,E
1E+11,21,2A162,F
9.99999E+11,14,2A162,G
9.99998E+11,3,2A162,H
9.99999E+11,2,2A162,H
1E+11,2,2A163,A
1E+11,17,2A163,B
1E+11,9,2A163,C
1E+11,29,2A163,D
1E+11,10,2A163,F
1E+11,1,2A163,G
1E+11,5,2A163,H
1E+11,24,2A164,A
9.99998E+11,20,2A164,B
1E+11,9,2A164,C
1E+11,19,2A164,D
1E+11,5,2A164,E
1E+11,7,2A164,F
9.99999E+11,12,2A165,A
1E+11,16,2A165,D
1E+11,10,2A165,E
1E+11,10,2A165,F
1E+11,10,2A166,B
1E+11,12,2A166,C
1E+11,9,2A166,D
1E+11,37,2A166,E
1E+11,11,2A166,F
1E+11,7,2A166,H
1E+11,13,2A167,A
9.99998E+11,8,2A167,C
1E+11,11,2A167,E
1E+11,25,2A167,F
1E+11,2,2A168,C
1E+11,10,2A168,D
1E+11,12,2A168,E
1E+11,20,2A168,F
1E+11,10,2A168,H
9.99998E+11,20,2A169,B
1E+11,14,2A169,C
9.99998E+11,20,2A169,D
9.99998E+11,20,2A169,E
9.99998E+11,20,2A169,F
1E+11,12,2A169,G
1E+11,8,2A16,B
1E+11,18,2A16,C
9.99999E+11,20,2A16,D
1E+11,1,2A16,E
1E+11,6,2A16,F
9.99998E+11,2,2A16,G
1E+11,15,2A170,B
1E+11,20,2A170,C
1E+11,17,2A170,D
1E+11,9,2A170,E
1E+11,20,2A170,F
9.99998E+11,5,2A171,A
1E+11,3,2A171,B
1E+11,12,2A171,D
1E+11,20,2A171,F
9.99998E+11,15,2A171,G
9.99999E+11,2,2A171,H
1E+11,16,2A172,A
1E+11,30,2A172,B
1E+11,18,2A172,D
1E+11,6,2A172,G
9.99998E+11,24,2A172,H
9.99998E+11,14,2A173,C
1E+11,11,2A173,D
1E+11,20,2A173,E
1E+11,20,2A173,F
1E+11,13,2A174,E
1E+11,2,2A174,F
1E+11,17,2A175,B
1E+11,7,2A175,C
1E+11,25,2A175,F
9.99999E+11,1,2A176,B
1E+11,17,2A176,C
1E+11,1,2A176,D
1E+11,1,2A176,E
1E+11,1,2A176,F
1E+11,4,2A177,A
1E+11,20,2A177,B
1E+11,20,2A177,C
1E+11,1,2A177,D
1E+11,4,2A177,D
1E+11,2,2A177,F
1E+11,20,2A177,G
1E+11,7,2A178,B
1E+11,19,2A178,D
1E+11,1,2A178,E
1E+11,1,2A178,F
1E+11,11,2A178,G
1E+11,14,2A179,B
1E+11,8,2A179,C
1E+11,1,2A179,D
9.99997E+11,12,2A179,E
1E+11,1,2A179,F
9.99997E+11,11,2A179,G
1E+11,43,2A17,D
1E+11,12,2A17,E
1E+11,7,2A17,F
9.99999E+11,19,2A17,G
9.99998E+11,18,2A180,A
1E+11,4,2A180,B
9.99997E+11,20,2A180,C
9.99998E+11,17,2A180,D
1E+11,25,2A180,E
1E+11,30,2A180,F
1E+11,1,2A181,B
1E+11,24,2A181,C
1E+11,18,2A181,D
1E+11,19,2A181,E
1E+11,14,2A181,F
1E+11,12,2A181,G
1E+11,38,2A182,A
1E+11,7,2A182,B
1E+11,14,2A182,C
1E+11,31,2A182,D
1E+11,24,2A182,E
1E+11,8,2A182,F
9.99998E+11,1,2A183,A
1E+11,8,2A183,B
1E+11,16,2A183,C
1E+11,8,2A183,D
1E+11,5,2A183,E
1E+11,6,2A183,F
1E+11,19,2A183,G
1E+11,30,2A184,A
1E+11,6,2A184,B
1E+11,22,2A184,C
1E+11,23,2A184,D
1E+11,4,2A184,F
1E+11,20,2A185,B
1E+11,13,2A185,C
1E+11,8,2A185,D
1E+11,16,2A185,E
1E+11,1,2A185,F
1E+11,1,2A185,G
1E+11,22,2A186,A
1E+11,20,2A186,B
9.99998E+11,11,2A186,C
1E+11,13,2A186,E
1E+11,2,2A186,F
1E+11,29,2A187,A
1E+11,15,2A187,C
1E+11,2,2A187,D
1E+11,1,2A187,E
1E+11,1,2A187,F
1E+11,1,2A187,G
1E+11,1,2A187,G
1E+11,29,2A188,A
1E+11,20,2A188,B
1E+11,34,2A188,C
1E+11,25,2A188,D
1E+11,33,2A188,E
1E+11,1,2A188,F
1E+11,1,2A189,B
1E+11,1,2A189,B
9.99999E+11,1,2A189,C
1E+11,1,2A189,D
1E+11,15,2A189,E
1E+11,1,2A189,F
1E+11,1,2A189,G
1E+11,10,2A18,B
1E+11,15,2A18,C
1E+11,4,2A18,D
1E+11,21,2A18,E
1E+11,11,2A18,F
1E+11,11,2A18,G
1E+11,9,2A190,B
1E+11,8,2A190,C
1E+11,2,2A190,F
1E+11,3,2A190,G
1E+11,3,2A191,A
1E+11,29,2A191,B
1E+11,1,2A191,C
1E+11,1,2A191,C
1E+11,1,2A191,D
9.99998E+11,22,2A191,E
9.99998E+11,4,2A191,F
1E+11,1,2A192,B
1E+11,1,2A192,C
1E+11,1,2A192,D
1E+11,1,2A192,E
1E+11,1,2A192,F
1E+11,1,2A193,C
1E+11,15,2A193,D
1E+11,1,2A193,E
1E+11,1,2A193,F
1E+11,1,2A193,G
1E+11,1,2A194,C
1E+11,11,2A194,D
1E+11,1,2A194,E
1E+11,1,2A194,F
1E+11,15,2A195,B
1E+11,11,2A195,C
9.99999E+11,31,2A195,D
9.99998E+11,20,2A195,F
1E+11,8,2A196,A
1E+11,1,2A196,C
1E+11,1,2A196,D
1E+11,9,2A196,E
1E+11,1,2A196,F
1E+11,12,2A197,A
1E+11,25,2A197,B
1E+11,25,2A197,C
1E+11,25,2A197,D
1E+11,25,2A197,E
1E+11,15,2A197,F
1E+11,7,2A197,G
9.99997E+11,1,2A198,B
1E+11,1,2A198,C
1E+11,7,2A198,D
1E+11,8,2A198,E
1E+11,1,2A198,F
1E+11,1,2A198,G
1E+11,32,2A199,A
1E+11,25,2A199,C
1E+11,25,2A199,D
9.99999E+11,12,2A199,E
1E+11,1,2A199,F
1E+11,14,2A199,G
9.99999E+11,7,2A199,H
9.99998E+11,19,2A19,B
1E+11,16,2A19,C
1E+11,42,2A19,D
1E+11,14,2A19,E
1E+11,3,2A1,B
1E+11,4,2A1,C
1E+11,17,2A1,D
1E+11,7,2A1,E
1E+11,16,2A1,F
1E+11,6,2A1,G
1E+11,1,2A200,B
9.99997E+11,3,2A200,F
1E+11,23,2A201,B
9.99998E+11,8,2A201,C
9.99999E+11,9,2A201,D
1E+11,5,2A201,E
1E+11,25,2A201,F
1E+11,10,2A201,G
1E+11,1,2A202,D
9.99997E+11,16,2A202,E
9.99997E+11,14,2A202,F
9.99997E+11,14,2A202,H
1E+11,15,2A203,C
1E+11,8,2A203,D
1E+11,20,2A203,E
1E+11,26,2A203,F
1E+11,16,2A203,G
1E+11,21,2A204,C
9.99997E+11,16,2A204,D
1E+11,21,2A204,E
1E+11,21,2A204,F
1E+11,20,2A205,B
1E+11,20,2A205,C
1E+11,20,2A205,D
1E+11,1,2A205,E
1E+11,21,2A205,F
9.99998E+11,17,2A205,G
1E+11,25,2A206,A
1E+11,6,2A206,B
1E+11,21,2A206,C
1E+11,20,2A206,D
1E+11,20,2A206,E
1E+11,7,2A206,F
9.99998E+11,1,2A206,G
1E+11,15,2A207,A
1E+11,15,2A207,B
9.99998E+11,18,2A207,C
9.99997E+11,8,2A207,D
1E+11,20,2A207,E
9.99999E+11,27,2A207,F
1E+11,1,2A208,B
1E+11,10,2A208,C
1E+11,10,2A208,D
1E+11,13,2A208,E
1E+11,15,2A208,F
1E+11,13,2A208,G
1E+11,1,2A209,B
1E+11,10,2A209,C
1E+11,20,2A209,D
1E+11,20,2A209,E
9.99997E+11,8,2A209,F
1E+11,11,2A20,B
1E+11,6,2A20,C
1E+11,18,2A20,D
1E+11,20,2A20,E
1E+11,3,2A20,F
9.99998E+11,21,2A20,G
1E+11,14,2A210,A
1E+11,15,2A210,B
1E+11,12,2A210,C
1E+11,10,2A210,D
1E+11,7,2A210,E
1E+11,15,2A210,F
1E+11,14,2A210,G
1E+11,8,2A211,B
1E+11,14,2A211,C
9.99999E+11,7,2A211,D
1E+11,12,2A211,E
1E+11,11,2A211,F
1E+11,15,2A211,G
1E+11,1,2A212,B
1E+11,9,2A212,D
1E+11,17,2A212,E
1E+11,1,2A212,F
9.99999E+11,23,2A212,G
1E+11,10,2A213,A
1E+11,20,2A213,B
1E+11,1,2A213,C
1E+11,1,2A213,C
9.99997E+11,4,2A213,D
1E+11,5,2A213,E
1E+11,5,2A213,F
1E+11,15,2A213,G
1E+11,1,2A214,B
1E+11,5,2A214,C
1E+11,15,2A214,D
1E+11,10,2A214,E
1E+11,17,2A214,F
1E+11,14,2A214,G
1E+11,25,2A215,A
1E+11,15,2A215,B
1E+11,5,2A215,C
1E+11,9,2A215,D
1E+11,15,2A215,E
1E+11,15,2A215,F
1E+11,9,2A215,G
1E+11,1,2A216,B
1E+11,17,2A216,C
1E+11,11,2A216,D
1E+11,25,2A216,E
1E+11,12,2A216,F
1E+11,13,2A216,G
1E+11,1,2A217,B
9.99997E+11,25,2A217,C
9.99997E+11,24,2A217,D
1E+11,20,2A217,E
1E+11,9,2A217,F
1E+11,1,2A218,B
9.99998E+11,20,2A218,C
1E+11,10,2A218,D
1E+11,4,2A218,E
1E+11,7,2A218,F
1E+11,20,2A218,G
1E+11,20,2A218,H
1E+11,12,2A219,A
1E+11,9,2A219,B
1E+11,15,2A219,C
1E+11,20,2A219,D
1E+11,20,2A219,E
1E+11,6,2A219,F
1E+11,17,2A219,G
9.99998E+11,25,2A21,B
1E+11,11,2A21,C
1E+11,22,2A21,D
1E+11,24,2A21,E
1E+11,1,2A21,F
1E+11,1,2A21,G
1E+11,6,2A220,B
1E+11,12,2A220,C
1E+11,20,2A220,D
1E+11,8,2A220,E
1E+11,18,2A220,F
1E+11,9,2A220,G
1E+11,16,2A220,H
1E+11,7,2A221,A
1E+11,12,2A221,B
1E+11,29,2A221,C
1E+11,11,2A221,D
1E+11,18,2A221,E
1E+11,18,2A221,F
1E+12,19,2A221,G
1E+11,4,2A222,B
1E+11,16,2A222,C
1E+11,19,2A222,D
1E+11,10,2A222,E
9.99998E+11,20,2A222,F
1E+11,15,2A222,G
9.99998E+11,2,2A222,H
1E+11,13,2A223,B
1E+11,12,2A223,C
1E+11,1,2A223,D
1E+11,20,2A223,E
1E+11,11,2A223,F
1E+11,20,2A224,A
1E+11,5,2A224,B
1E+11,16,2A224,C
1E+11,20,2A224,D
1E+11,20,2A224,E
1E+11,20,2A224,F
1E+11,10,2A224,G
1E+11,12,2A224,H
9.99998E+11,9,2A225,A
1E+11,14,2A225,B
1E+11,18,2A225,C
9.99997E+11,17,2A225,D
1E+11,17,2A225,E
1E+11,17,2A225,F
1E+11,17,2A225,G
1E+11,14,2A225,H
1E+11,13,2A226,A
9.99998E+11,20,2A226,B
1E+11,1,2A226,D
9.99997E+11,6,2A226,E
1E+11,20,2A226,F
1E+11,12,2A226,G
1E+11,3,2A226,H
1E+11,26,2A227,A
1E+11,14,2A227,B
1E+11,1,2A227,C
1E+11,16,2A227,D
1E+11,17,2A227,E
1E+11,2,2A227,F
1E+11,22,2A227,G
1E+11,20,2A228,B
1E+11,9,2A228,C
1E+11,1,2A228,D
1E+11,16,2A228,E
9.99997E+11,3,2A228,F
9.99997E+11,8,2A228,G
1E+11,13,2A228,H
1E+11,8,2A229,B
1E+11,1,2A229,C
1E+11,18,2A229,D
1E+11,14,2A229,E
1E+11,18,2A229,F
1E+11,22,2A229,G
1E+11,5,2A229,H
9.99997E+11,8,2A22,B
9.99997E+11,8,2A22,C
1E+11,17,2A22,D
1E+11,18,2A22,E
9.99997E+11,18,2A22,F
1E+12,8,2A22,G
1E+11,7,2A230,B
1E+11,25,2A230,C
9.99998E+11,40,2A230,D
1E+11,19,2A230,E
1E+11,7,2A231,B
1E+11,17,2A231,C
1E+11,20,2A231,D
1E+11,18,2A231,E
1E+11,17,2A231,F
1E+11,18,2A231,G
1E+11,9,2A231,H
9.99998E+11,7,2A232,B
1E+11,7,2A232,C
1E+11,25,2A232,D
1E+11,19,2A232,E
1E+11,7,2A232,F
1E+11,16,2A232,G
1E+11,27,2A232,H
1E+11,30,2A233,B
1E+11,17,2A233,C
1E+11,18,2A233,D
1E+11,17,2A233,E
1E+11,14,2A233,F
1E+11,1,2A233,G
9.99999E+11,11,2A233,H
1E+11,3,2A234,A
1E+11,25,2A234,B
1E+11,3,2A234,E
1E+11,24,2A234,F
1E+11,1,2A234,H
1E+11,1,2A235,B
9.99997E+11,3,2A235,C
1E+11,14,2A235,D
1E+11,1,2A235,E
1E+11,4,2A235,F
1E+11,1,2A235,G
1E+11,1,2A235,H
1E+11,38,2A236,B
1E+11,20,2A236,D
1E+11,1,2A236,E
1E+11,9,2A236,F
1E+11,1,2A236,H
1E+11,18,2A237,A
1E+11,18,2A237,B
1E+11,19,2A237,C
1E+11,10,2A237,D
1E+11,12,2A237,E
1E+11,10,2A237,F
1E+11,21,2A237,G
1E+11,3,2A238,B
1E+11,4,2A238,C
1E+11,2,2A238,D
1E+11,3,2A238,F
1E+11,7,2A238,H
1E+11,22,2A239,A
1E+11,9,2A239,C
9.99998E+11,1,2A239,D
1E+11,16,2A239,F
1E+11,10,2A239,H
1E+11,14,2A23,B
1E+11,22,2A23,C
9.99998E+11,25,2A23,D
1E+11,1,2A23,F
1E+11,3,2A23,F
1E+11,10,2A23,G
1E+11,15,2A240,A
1E+11,2,2A240,B
1E+11,7,2A240,C
1E+11,14,2A240,D
1E+11,1,2A240,E
1E+11,10,2A240,F
1E+11,1,2A240,H
1E+11,1,2A24,A
1E+11,18,2A24,B
1E+11,4,2A24,C
9.99999E+11,14,2A24,D
9.99999E+11,11,2A24,E
1E+11,15,2A24,F
1E+11,15,2A24,G
1E+11,10,2A24,H
1E+11,3,2A25,B
9.99999E+11,20,2A25,D
1E+11,11,2A25,E
1E+11,16,2A25,F
1E+11,7,2A25,G
1E+11,15,2A26,B
9.99999E+11,4,2A26,C
1E+11,22,2A26,D
1E+11,12,2A26,E
1E+11,9,2A26,F
1E+11,27,2A26,G
1E+11,21,2A27,B
1E+11,9,2A27,C
1E+11,12,2A27,D
1E+11,11,2A27,E
1E+11,3,2A27,F
1E+11,1,2A27,G
1E+11,10,2A28,B
9.99999E+11,3,2A28,C
9.99999E+11,14,2A28,D
1E+11,30,2A28,E
1E+11,23,2A28,F
1E+11,6,2A28,G
1E+11,19,2A29,B
1E+11,16,2A29,C
1E+11,5,2A29,D
1E+11,3,2A29,E
1E+11,16,2A29,F
1E+11,14,2A29,G
1E+11,1,2A2,C
1E+11,18,2A2,D
1E+11,3,2A2,E
1E+11,11,2A2,F
1E+11,16,2A2,G
1E+11,11,2A30,B
1E+11,36,2A30,C
1E+11,6,2A30,D
1E+11,30,2A30,E
1E+11,8,2A30,F
1E+11,10,2A30,G
1E+11,9,2A31,B
1E+11,4,2A31,C
1E+11,30,2A31,D
1E+11,17,2A31,E
1E+11,35,2A31,F
1E+11,1,2A31,G
1E+11,19,2A32,B
1E+11,8,2A32,C
1E+11,10,2A32,D
1E+11,3,2A32,E
1E+11,2,2A32,F
1E+11,22,2A32,G
9.99998E+11,12,2A33,B
1E+11,19,2A33,C
1E+11,20,2A33,D
1E+11,23,2A33,E
1E+11,1,2A33,F
1E+11,22,2A33,G
1E+11,7,2A34,B
1E+11,20,2A34,C
1E+11,20,2A34,D
1E+11,9,2A34,E
1E+11,12,2A34,G
1E+11,13,2A35,B
9.99997E+11,19,2A35,C
9.99998E+11,27,2A35,D
9.99999E+11,19,2A35,E
1E+11,25,2A35,F
1E+11,1,2A35,G
9.99999E+11,8,2A36,B
1E+11,7,2A36,C
1E+11,25,2A36,D
1E+11,3,2A36,E
1E+11,5,2A36,F
1E+12,2,2A36,G
9.99997E+11,9,2A37,B
1E+11,2,2A37,C
1E+11,24,2A37,D
1E+11,4,2A37,E
1E+11,3,2A37,E
1E+11,11,2A37,F
1E+11,13,2A37,G
1E+11,2,2A38,B
9.99999E+11,8,2A38,C
1E+11,30,2A38,D
1E+11,18,2A38,E
1E+11,20,2A38,F
1E+11,8,2A38,G
1E+11,30,2A39,B
1E+11,25,2A39,D
1E+11,1,2A39,E
1E+11,3,2A39,F
1E+11,20,2A39,G
9.99999E+11,20,2A3,B
1E+11,32,2A3,C
1E+11,21,2A3,D
1E+11,20,2A3,E
1E+11,14,2A3,G
1E+11,7,2A40,B
1E+11,9,2A40,C
1E+11,2,2A40,D
1E+11,15,2A40,E
1E+11,3,2A40,F
1E+11,23,2A40,G
1E+11,30,2A41,B
1E+11,9,2A41,C
1E+11,12,2A41,D
1E+11,18,2A41,E
1E+11,3,2A41,F
1E+11,24,2A41,G
1E+11,12,2A42,B
9.99999E+11,10,2A42,C
1E+11,14,2A42,D
1E+11,29,2A42,E
9.99998E+11,1,2A42,F
1E+11,3,2A42,G
1E+11,15,2A43,B
1E+11,20,2A43,C
1E+11,9,2A43,D
1E+11,12,2A43,E
1E+11,4,2A43,F
1E+11,23,2A43,G
1E+11,13,2A44,B
1E+11,1,2A44,C
1E+11,6,2A44,D
1E+11,30,2A44,E
9.99999E+11,11,2A44,F
1E+11,9,2A44,G
1E+11,3,2A45,B
1E+11,18,2A45,C
1E+11,2,2A45,D
1E+11,30,2A45,E
1E+11,19,2A45,F
1E+11,1,2A45,G
1E+11,15,2A46,B
1E+11,32,2A46,C
1E+11,14,2A46,D
1E+11,16,2A46,E
1E+11,1,2A46,F
1E+11,8,2A46,G
1E+11,8,2A47,B
1E+11,1,2A47,C
1E+11,6,2A47,D
1E+11,30,2A47,E
1E+11,30,2A47,F
1E+11,25,2A47,G
1E+11,5,2A48,B
1E+11,15,2A48,C
1E+11,13,2A48,D
1E+11,21,2A48,E
1E+11,56,2A48,F
1E+11,11,2A48,G
1E+11,3,2A49,B
1E+11,29,2A49,C
1E+11,15,2A49,D
1E+11,22,2A49,E
1E+11,15,2A49,F
1E+11,17,2A49,G
1E+11,27,2A4,B
1E+11,11,2A4,C
1E+11,18,2A4,D
1E+11,30,2A4,E
1E+11,12,2A4,F
9.99998E+11,21,2A4,G
1E+11,20,2A50,B
1E+11,8,2A50,C
1E+11,16,2A50,D
1E+11,25,2A50,E
1E+11,12,2A50,F
1E+11,6,2A50,G
1E+11,4,2A51,B
1E+11,25,2A51,C
1E+11,8,2A51,D
1E+11,31,2A51,E
1E+11,20,2A51,F
1E+11,1,2A51,G
1E+11,30,2A52,B
1E+11,1,2A52,C
9.99999E+11,22,2A52,D
1E+11,8,2A52,E
1E+11,1,2A52,F
1E+11,10,2A52,G
1E+11,1,2A53,B
9.99998E+11,11,2A53,C
1E+11,33,2A53,D
1E+11,2,2A53,E
1E+11,53,2A53,F
1E+11,14,2A53,G
1E+11,24,2A54,B
1E+11,10,2A54,C
1E+11,5,2A54,D
1E+11,41,2A54,F
9.99998E+11,2,2A54,G
1E+11,3,2A55,B
1E+11,4,2A55,C
1E+11,15,2A55,D
1E+11,15,2A55,E
1E+11,6,2A55,F
1E+11,27,2A55,G
1E+11,12,2A56,B
1E+11,1,2A56,C
1E+11,25,2A56,D
1E+11,7,2A56,E
1E+11,13,2A56,F
1E+11,15,2A56,G
1E+11,1,2A57,B
1E+11,17,2A57,C
1E+11,20,2A57,D
1E+11,20,2A57,E
1E+11,13,2A57,F
1E+11,1,2A57,G
1E+11,6,2A58,B
1E+11,11,2A58,C
1E+11,30,2A58,D
1E+11,17,2A58,E
1E+11,17,2A58,F
1E+11,3,2A58,G
1E+11,16,2A59,B
1E+11,11,2A59,C
1E+11,30,2A59,D
1E+11,16,2A59,E
1E+11,15,2A59,F
1E+11,15,2A59,G
1E+11,3,2A5,B
1E+11,10,2A5,C
1E+11,24,2A5,D
9.99997E+11,15,2A5,E
9.99998E+11,1,2A5,F
1E+11,2,2A5,G
1E+11,7,2A60,B
1E+11,1,2A60,C
1E+11,16,2A60,D
1E+11,21,2A60,E
1E+11,17,2A60,G
1E+11,15,2A61,B
1E+11,15,2A61,C
1E+11,25,2A61,D
1E+11,20,2A61,E
1E+11,31,2A61,F
1E+11,1,2A62,B
1E+11,12,2A62,C
9.99997E+11,18,2A62,D
9.99997E+11,15,2A62,E
1E+11,16,2A62,F
1E+11,15,2A62,G
9.99999E+11,9,2A63,C
1E+11,20,2A63,D
1E+11,15,2A63,E
1E+11,6,2A63,F
1E+11,6,2A63,G
1E+11,1,2A64,B
1E+11,16,2A64,C
1E+11,7,2A64,D
9.99998E+11,3,2A64,E
1E+11,9,2A64,F
9.99997E+11,15,2A64,G
1E+11,9,2A65,B
1E+11,30,2A65,C
1E+11,18,2A65,D
1E+11,15,2A65,E
1E+11,15,2A65,F
1E+11,5,2A65,G
1E+11,15,2A66,B
1E+11,6,2A66,C
1E+11,1,2A66,D
1E+11,12,2A66,E
1E+11,18,2A66,F
1E+11,1,2A66,G
1E+11,29,2A67,C
9.99999E+11,19,2A67,D
1E+11,4,2A67,E
1E+11,4,2A67,G
1E+11,24,2A68,B
1E+11,20,2A68,C
1E+11,14,2A68,D
1E+11,12,2A68,E
1E+11,10,2A68,F
1E+11,6,2A68,G
1E+11,20,2A69,B
1E+11,5,2A69,C
1E+11,29,2A69,D
1E+11,16,2A69,E
1E+11,14,2A69,F
1E+11,16,2A6,B
1E+11,7,2A6,C
1E+11,3,2A6,D
1E+11,12,2A6,E
9.99999E+11,20,2A6,F
1E+11,19,2A70,B
1E+11,3,2A70,C
1E+11,18,2A70,D
1E+11,29,2A70,E
1E+11,18,2A70,F
1E+11,13,2A70,G
1E+11,10,2A71,B
1E+11,5,2A71,C
9.99997E+11,20,2A71,D
1E+11,11,2A71,E
1E+11,29,2A71,F
9.99999E+11,11,2A71,G
1E+11,9,2A72,B
9.99998E+11,1,2A72,C
1E+11,5,2A72,D
1E+11,21,2A72,E
1E+11,5,2A72,F
9.99999E+11,11,2A72,G
1E+11,23,2A73,B
1E+11,32,2A73,C
1E+11,20,2A73,D
1E+11,20,2A73,E
9.99999E+11,11,2A73,F
1E+11,1,2A73,G
1E+11,21,2A74,B
1E+11,5,2A74,C
1E+11,5,2A74,D
1E+11,13,2A74,E
1E+11,15,2A74,F
9.99999E+11,20,2A74,G
1E+11,24,2A75,B
9.99999E+11,14,2A75,C
1E+11,17,2A75,D
1E+11,15,2A75,E
1E+11,2,2A75,F
1E+11,20,2A75,G
1E+11,7,2A76,B
1E+11,26,2A76,C
1E+11,2,2A76,D
1E+11,18,2A76,E
1E+11,28,2A76,F
1E+11,1,2A76,G
1E+11,16,2A77,B
1E+11,11,2A77,C
1E+11,19,2A77,D
9.99998E+11,9,2A77,E
1E+11,53,2A78,B
1E+11,25,2A78,C
1E+11,19,2A78,D
1E+11,1,2A78,E
1E+11,23,2A78,F
9.99997E+11,5,2A78,G
1E+11,2,2A79,B
1E+11,6,2A79,C
1E+11,10,2A79,D
1E+11,12,2A79,E
1E+11,19,2A79,F
1E+11,1,2A7,B
1E+11,1,2A7,C
1E+11,15,2A7,D
9.99997E+11,19,2A7,E
1E+11,10,2A7,F
9.99999E+11,13,2A80,B
1E+11,15,2A80,C
1E+11,14,2A80,D
1E+11,26,2A80,E
1E+11,34,2A80,F
1E+11,15,2A81,B
1E+11,2,2A81,D
1E+11,30,2A81,E
1E+11,4,2A81,F
1E+11,12,2A81,G
1E+11,1,2A82,B
1E+11,31,2A82,E
1E+11,2,2A82,F
1E+11,19,2A82,G
1E+11,43,2A83,B
1E+11,4,2A83,C
1E+11,3,2A83,D
1E+11,5,2A83,E
1E+11,9,2A83,F
1E+11,10,2A83,G
1E+11,17,2A84,B
1E+11,20,2A84,D
1E+11,15,2A84,E
1E+11,25,2A84,G
1E+11,2,2A85,B
1E+11,39,2A85,C
1E+11,24,2A85,D
1E+11,36,2A85,E
9.99999E+11,4,2A85,F
1E+11,39,2A86,B
1E+11,16,2A86,C
1E+11,21,2A86,D
1E+11,19,2A86,E
1E+11,8,2A86,G
1E+11,15,2A87,B
1E+11,16,2A87,C
1E+11,10,2A87,D
1E+11,12,2A87,E
1E+11,15,2A87,F
1E+11,3,2A87,G
1E+11,21,2A88,B
1E+11,10,2A88,C
1E+11,11,2A88,D
1E+11,18,2A88,E
1E+11,12,2A88,F
1E+11,8,2A88,G
1E+11,16,2A89,B
1E+11,16,2A89,C
1E+11,16,2A89,D
1E+11,9,2A89,E
1E+11,13,2A89,F
1E+11,9,2A89,G
1E+11,1,2A8,B
1E+11,20,2A8,D
1E+11,1,2A8,F
1E+11,1,2A8,G
1E+11,20,2A90,B
1E+11,4,2A90,C
1E+11,16,2A90,D
1E+11,10,2A90,E
1E+11,16,2A90,F
1E+11,1,2A90,G
1E+11,14,2A91,B
1E+11,2,2A91,C
1E+11,2,2A91,D
1E+11,10,2A91,E
1E+11,11,2A91,F
1E+11,10,2A91,G
1E+11,20,2A92,B
1E+11,20,2A92,C
1E+11,15,2A92,D
1E+11,26,2A92,E
1E+11,14,2A92,F
1E+11,15,2A92,G
9.99998E+11,9,2A93,B
1E+11,16,2A93,C
1E+11,12,2A93,D
1E+11,5,2A93,E
1E+11,7,2A93,F
9.99998E+11,20,2A94,C
9.99999E+11,18,2A94,D
1E+11,13,2A94,E
1E+11,18,2A94,G
1E+11,13,2A95,B
1E+11,16,2A95,C
1E+11,8,2A95,D
1E+11,20,2A95,E
1E+11,20,2A95,F
1E+11,3,2A95,G
9.99997E+11,9,2A96,B
1E+11,24,2A96,C
1E+11,4,2A96,D
1E+11,5,2A96,E
1E+11,4,2A96,F
1E+11,1,2A96,G
1E+11,15,2A97,B
9.99998E+11,11,2A97,C
1E+11,7,2A97,D
1E+11,10,2A97,E
1E+11,15,2A97,F
1E+11,1,2A97,G
1E+11,9,2A98,B
1E+11,1,2A98,C
1E+11,9,2A98,C
1E+11,15,2A98,D
1E+11,1,2A98,E
1E+11,25,2A98,G
1E+11,19,2A99,B
1E+11,3,2A99,C
1E+11,20,2A99,D
1E+11,27,2A99,E
1E+11,40,2A99,G
1E+11,5,2A9,B
1E+11,25,2A9,C
1E+11,28,2A9,D
1E+11,26,2A9,E
1E+11,30,2A9,F
1E+11,10,2A9,G
1E+11,8,2B100,D
1E+11,4,2B100,E
1E+11,8,2B101,C
9.99997E+11,14,2B102,C
1E+11,14,2B102,D
9.99997E+11,1,2B102,E
1E+11,3,2B103,E
1E+11,3,2B104,D
1E+11,5,2B105,D
9.99997E+11,14,2B106,C
1E+11,18,2B106,D
9.99999E+11,20,2B107,D
9.99998E+11,45,2B107,E
9.99997E+11,11,2B108,C
1E+11,16,2B108,D
1E+11,10,2B108,E
1E+11,18,2B109,D
9.99998E+11,30,2B109,E
1E+11,1,2B10,C
1E+11,1,2B10,D
1E+11,15,2B10,E
1E+11,3,2B10,F
1E+11,2,2B110,C
1E+11,9,2B110,D
1E+11,2,2B110,E
1E+11,18,2B111,D
1E+11,19,2B111,E
1E+11,19,2B111,F
1E+11,21,2B112,D
1E+11,7,2B112,E
1E+11,8,2B113,B
1E+11,8,2B113,F
1E+11,6,2B114,E
1E+11,9,2B115,B
1E+11,12,2B115,C
9.99997E+11,6,2B115,D
1E+11,12,2B115,E
1E+11,12,2B115,F
1E+11,4,2B116,D
1E+11,25,2B116,E
1E+11,23,2B116,F
1E+11,2,2B117,B
1E+11,8,2B117,C
1E+11,12,2B117,D
1E+11,4,2B117,E
1E+11,15,2B117,G
1E+11,17,2B117,H
1E+11,4,2B119,B
1E+11,14,2B119,C
1E+11,8,2B119,D
1E+11,9,2B119,E
1E+11,5,2B119,F
9.99999E+11,20,2B11,C
1E+11,13,2B11,D
1E+11,6,2B11,E
1E+11,14,2B11,F
1E+11,56,2B11,G
1E+11,63,2B11,H
1E+11,8,2B120,C
1E+11,10,2B120,E
1E+11,21,2B120,F
1E+11,2,2B121,F
9.99998E+11,5,2B123,D
1E+11,1,2B123,H
1E+11,19,2B124,E
1E+11,15,2B125,E
1E+11,1,2B126,C
1E+11,10,2B127,B
9.99998E+11,4,2B127,C
1E+11,15,2B127,D
9.99998E+11,25,2B127,E
1E+11,7,2B128,D
9.99997E+11,12,2B128,E
9.99998E+11,19,2B129,D
1E+11,1,2B129,F
1E+11,8,2B12,D
1E+11,20,2B12,E
1E+11,3,2B12,F
1E+11,7,2B12,G
1E+11,7,2B130,C
1E+11,9,2B130,D
1E+11,10,2B130,E
1E+11,2,2B130,F
1E+11,24,2B131,C
1E+11,2,2B132,B
1E+11,10,2B132,C
1E+11,2,2B132,D
9.99999E+11,30,2B132,F
1E+11,24,2B133,B
9.99999E+11,6,2B133,F
1E+11,5,2B134,C
1E+11,18,2B136,E
1E+11,5,2B137,C
1E+11,12,2B137,D
1E+11,4,2B137,E
1E+11,19,2B138,F
1E+11,5,2B139,C
1E+11,15,2B139,E
1E+11,9,2B13,B
1E+11,9,2B13,E
1E+11,16,2B13,F
1E+11,48,2B13,H
1E+11,10,2B140,B
1E+11,30,2B140,C
1E+11,10,2B141,E
1E+11,5,2B142,D
1E+11,5,2B142,E
1E+11,8,2B142,F
1E+11,9,2B143,D
1E+11,19,2B144,F
1E+11,8,2B145,B
9.99999E+11,43,2B14,B
1E+11,12,2B14,D
1E+11,3,2B14,E
1E+11,3,2B14,F
9.99998E+11,5,2B151,F
9.99998E+11,10,2B152,C
1E+11,24,2B152,D
1E+11,12,2B153,F
1E+11,13,2B153,G
9.99997E+11,17,2B154,E
1E+11,13,2B154,F
1E+11,13,2B156,B
9.99999E+11,20,2B156,C
1E+11,13,2B157,C
1E+11,13,2B158,B
9.99997E+11,3,2B158,C
1E+11,5,2B15,B
1E+11,35,2B15,C
1E+11,13,2B15,D
1E+11,15,2B15,E
9.99998E+11,31,2B15,F
1E+11,4,2B160,F
1E+11,20,2B162,F
9.99998E+11,20,2B163,F
9.99998E+11,6,2B164,E
1E+11,8,2B164,G
9.99997E+11,23,2B165,B
1E+11,2,2B165,C
1E+11,22,2B166,C
1E+11,8,2B166,E
1E+11,13,2B167,G
1E+11,21,2B168,D
1E+11,15,2B168,E
1E+11,19,2B16,C
1E+11,10,2B16,D
1E+11,2,2B16,E
1E+11,1,2B16,F
1E+11,23,2B170,B
1E+11,25,2B170,C
1E+11,21,2B170,D
1E+11,19,2B170,E
1E+11,8,2B170,F
1E+11,10,2B171,E
9.99999E+11,4,2B171,F
1E+11,13,2B174,B
1E+11,2,2B174,G
1E+11,28,2B175,C
1E+11,22,2B175,D
1E+11,25,2B175,E
1E+11,27,2B175,F
1E+11,17,2B177,B
1E+11,8,2B177,F
1E+11,11,2B177,G
1E+11,25,2B177,H
1E+11,20,2B178,C
1E+11,20,2B178,D
1E+11,20,2B178,E
1E+11,14,2B178,F
1E+11,20,2B178,G
1E+11,17,2B17,C
1E+11,18,2B17,D
9.99999E+11,4,2B182,D
9.99999E+11,19,2B183,B
9.99999E+11,20,2B183,C
9.99999E+11,20,2B183,D
9.99999E+11,15,2B183,E
9.99998E+11,36,2B184,E
9.99999E+11,10,2B185,E
1E+11,6,2B186,E
1E+11,19,2B189,E
1E+11,10,2B18,D
9.99998E+11,7,2B18,E
1E+11,6,2B192,H
1E+11,5,2B196,B
1E+11,6,2B196,C
1E+11,6,2B196,D
1E+11,15,2B196,E
1E+11,7,2B196,F
1E+11,13,2B196,G
9.99997E+11,15,2B197,D
1E+11,14,2B197,E
9.99999E+11,6,2B197,F
9.99998E+11,20,2B198,C
9.99998E+11,19,2B198,D
9.99998E+11,27,2B198,E
1E+11,10,2B19,C
1E+11,10,2B19,D
1E+11,25,2B1,B
1E+11,25,2B1,C
1E+11,16,2B1,D
1E+11,56,2B1,E
1E+11,9,2B1,F
1E+11,30,2B1,G
1E+11,27,2B1,H
1E+11,18,2B200,C
1E+11,5,2B200,F
1E+11,14,2B201,A
1E+11,13,2B201,B
1E+11,25,2B201,C
1E+11,9,2B201,D
1E+11,22,2B201,E
1E+11,16,2B201,F
1E+11,11,2B201,G
9.99998E+11,30,2B202,D
1E+11,10,2B203,A
1E+11,7,2B203,E
1E+11,15,2B203,F
1E+11,11,2B203,H
1E+11,6,2B204,B
1E+11,22,2B204,E
1E+11,30,2B204,F
1E+11,6,2B205,B
1E+11,4,2B205,C
1E+11,5,2B205,D
1E+11,4,2B205,E
1E+11,22,2B205,F
1E+11,4,2B206,B
1E+11,6,2B206,C
1E+11,6,2B206,D
1E+11,15,2B206,E
1E+11,12,2B206,F
1E+11,6,2B206,G
1E+11,11,2B207,E
1E+11,6,2B208,B
1E+11,6,2B208,C
1E+11,6,2B208,D
1E+11,6,2B208,E
1E+11,13,2B208,F
1E+11,8,2B208,G
1E+11,21,2B209,B
1E+11,12,2B209,E
1E+11,2,2B209,F
9.99999E+11,20,2B209,H
1E+11,25,2B20,D
9.99998E+11,8,2B20,E
1E+11,13,2B210,F
1E+11,18,2B211,B
1E+11,25,2B211,C
1E+11,20,2B211,D
9.99998E+11,25,2B211,E
1E+11,15,2B212,E
1E+11,6,2B212,H
1E+11,5,2B213,A
1E+11,20,2B213,F
1E+11,15,2B214,C
1E+11,16,2B214,E
1E+11,9,2B214,F
1E+11,7,2B215,A
1E+11,15,2B215,B
1E+11,17,2B215,C
1E+11,16,2B215,D
1E+11,17,2B215,E
1E+11,16,2B215,F
1E+11,17,2B215,G
1E+11,29,2B216,E
1E+11,5,2B216,G
1E+11,18,2B217,H
1E+11,6,2B218,B
1E+11,6,2B218,C
1E+11,4,2B218,D
1E+11,5,2B218,E
1E+11,15,2B218,F
1E+11,6,2B218,G
1E+11,6,2B219,B
1E+11,6,2B219,C
1E+11,10,2B219,D
1E+11,6,2B219,E
1E+11,5,2B219,F
1E+11,10,2B21,C
1E+11,13,2B21,D
9.99999E+11,29,2B21,E
1E+11,1,2B21,F
1E+11,24,2B220,E
1E+11,19,2B220,F
1E+11,9,2B221,B
1E+11,18,2B221,C
1E+11,16,2B221,D
1E+11,10,2B221,E
1E+11,11,2B222,B
1E+11,18,2B222,G
9.99998E+11,11,2B222,H
1E+11,39,2B223,B
1E+11,39,2B223,C
1E+11,2,2B223,D
1E+11,16,2B223,E
1E+11,18,2B223,F
1E+11,24,2B224,C
1E+11,9,2B224,D
1E+11,27,2B224,E
1E+11,12,2B224,F
1E+11,39,2B225,C
1E+11,9,2B225,D
1E+11,17,2B225,E
1E+11,13,2B225,F
1E+11,1,2B225,G
1E+11,12,2B225,G
1E+11,14,2B226,C
1E+11,24,2B226,E
1E+11,9,2B226,F
1E+11,7,2B227,A
1E+11,7,2B227,B
1E+11,12,2B227,E
1E+11,9,2B227,F
1E+11,3,2B227,H
1E+11,30,2B228,A
1E+11,40,2B228,B
1E+11,8,2B228,C
1E+11,25,2B228,E
1E+11,24,2B22,B
1E+11,23,2B22,C
1E+11,23,2B22,D
1E+11,23,2B22,E
1E+11,17,2B22,F
1E+11,18,2B22,G
1E+11,27,2B230,E
1E+11,9,2B230,F
1E+11,5,2B231,E
9.99998E+11,1,2B232,D
1E+11,3,2B233,B
1E+11,16,2B233,C
1E+11,9,2B233,D
1E+11,1,2B234,D
1E+11,1,2B234,E
1E+11,10,2B234,F
1E+11,9,2B234,G
1E+11,3,2B235,B
9.99997E+11,21,2B235,C
1E+11,25,2B235,F
1E+11,3,2B235,G
1E+11,6,2B235,H
1E+11,10,2B236,B
1E+11,15,2B236,C
1E+11,12,2B236,D
1E+11,7,2B236,E
1E+11,3,2B236,F
1E+11,3,2B237,B
9.99999E+11,6,2B237,E
9.99998E+11,2,2B237,F
1E+11,2,2B237,G
1E+11,10,2B238,D
9.99999E+11,2,2B238,E
1E+11,50,2B23,B
9.99997E+11,4,2B23,D
1E+12,27,2B23,E
1E+11,3,2B23,G
1E+11,1,2B240,D
1E+11,6,2B240,E
1E+11,10,2B240,F
1E+11,15,2B25,B
9.99998E+11,21,2B25,C
9.99999E+11,1,2B25,D
1E+12,1,2B25,E
1E+11,50,2B25,F
1E+12,17,2B25,G
1E+11,25,2B26,B
1E+11,4,2B26,C
1E+11,16,2B26,D
9.99998E+11,2,2B26,E
1E+11,54,2B27,E
1E+11,43,2B27,F
1E+11,54,2B27,G
1E+11,5,2B28,C
1E+11,10,2B28,D
9.99998E+11,15,2B29,B
9.99997E+11,20,2B29,E
1E+11,35,2B29,F
1E+11,34,2B29,G
1E+11,47,2B29,H
1E+11,26,2B2,B
1E+11,6,2B2,C
1E+11,8,2B2,D
1E+11,1,2B2,E
1E+11,2,2B2,F
1E+11,2,2B2,G
1E+11,1,2B30,B
9.99998E+11,18,2B31,F
1E+11,1,2B32,B
9.99998E+11,10,2B34,D
1E+11,4,2B35,F
9.99998E+11,2,2B36,A
1E+12,1,2B37,D
1E+11,15,2B37,E
9.99998E+11,3,2B37,F
9.99998E+11,1,2B38,D
1E+11,2,2B39,B
1E+11,1,2B39,C
1E+11,6,2B39,D
1E+11,1,2B39,F
1E+11,11,2B3,C
1E+11,12,2B3,D
1E+11,14,2B3,E
1E+11,35,2B3,F
1E+11,46,2B3,G
1E+11,27,2B3,H
1E+11,17,2B40,B
1E+11,24,2B40,C
9.99999E+11,8,2B40,E
1E+11,1,2B40,F
1E+11,2,2B41,B
1E+11,5,2B41,D
9.99997E+11,14,2B41,E
1E+11,16,2B41,F
1E+11,4,2B42,D
1E+11,1,2B42,F
1E+11,5,2B43,C
1E+11,1,2B43,D
1E+11,1,2B43,E
1E+11,1,2B43,F
1E+11,10,2B44,C
1E+11,16,2B44,D
1E+11,6,2B44,E
1E+11,1,2B44,F
1E+11,1,2B44,G
1E+11,13,2B45,B
1E+11,1,2B45,C
1E+11,20,2B45,D
1E+11,7,2B45,E
1E+11,1,2B45,F
9.99999E+11,23,2B46,D
1E+11,5,2B46,E
1E+11,7,2B46,F
9.99998E+11,25,2B46,G
1E+11,1,2B47,A
1E+11,6,2B47,C
1E+11,3,2B47,D
1E+11,5,2B47,F
1E+11,20,2B47,G
9.99998E+11,1,2B48,A
1E+11,1,2B48,B
1E+11,2,2B48,C
1E+11,5,2B48,D
1E+11,5,2B48,E
1E+11,2,2B48,F
1E+11,22,2B48,G
1E+11,1,2B48,H
1E+11,1,2B49,A
1E+11,10,2B49,B
9.99999E+11,40,2B49,C
1E+11,1,2B49,D
1E+11,4,2B49,E
1E+11,5,2B49,F
1E+11,20,2B49,G
1E+11,3,2B4,B
1E+11,3,2B4,C
1E+11,3,2B4,D
1E+11,3,2B4,E
1E+11,2,2B4,F
1E+11,3,2B4,G
9.99999E+11,1,2B50,A
1E+11,5,2B50,B
1E+11,18,2B50,C
1E+11,16,2B50,D
9.99998E+11,5,2B50,E
1E+11,16,2B50,G
1E+11,1,2B50,H
1E+11,10,2B51,B
1E+11,8,2B51,C
1E+11,7,2B51,D
1E+11,10,2B51,E
1E+11,1,2B51,F
1E+11,20,2B51,G
9.99998E+11,15,2B52,B
9.99998E+11,16,2B52,C
1E+11,12,2B52,D
1E+11,20,2B52,E
1E+11,2,2B52,F
9.99998E+11,1,2B52,H
1E+11,1,2B53,A
1E+11,19,2B53,B
1E+11,1,2B53,C
1E+11,2,2B53,E
1E+11,8,2B53,F
1E+11,20,2B53,G
9.99998E+11,13,2B54,B
9.99998E+11,15,2B54,C
1E+11,11,2B54,D
1E+11,29,2B54,E
9.99999E+11,1,2B54,F
9.99999E+11,25,2B54,G
1E+11,20,2B55,C
1E+11,18,2B55,D
1E+11,1,2B55,E
9.99998E+11,2,2B55,F
1E+11,9,2B55,G
1E+11,1,2B56,B
9.99998E+11,11,2B56,C
1E+11,5,2B56,D
1E+11,8,2B56,E
1E+11,11,2B56,F
9.99999E+11,16,2B56,G
9.99998E+11,4,2B57,B
1E+11,6,2B57,C
1E+11,3,2B57,D
1E+11,9,2B57,E
1E+11,6,2B57,F
1E+11,7,2B58,B
1E+11,7,2B58,C
1E+11,11,2B58,E
1E+11,1,2B58,F
1E+11,1,2B58,G
1E+11,1,2B59,B
1E+11,1,2B59,C
1E+11,5,2B59,E
9.99999E+11,1,2B59,G
9.99999E+11,20,2B5,B
9.99999E+11,20,2B5,C
9.99999E+11,20,2B5,D
1E+11,58,2B5,E
1E+11,14,2B5,F
9.99999E+11,10,2B5,G
1E+11,4,2B5,H
1E+11,44,2B60,B
1E+11,22,2B60,C
9.99999E+11,29,2B60,D
9.99999E+11,25,2B60,E
9.99999E+11,26,2B60,F
9.99999E+11,28,2B60,G
9.99998E+11,1,2B61,B
1E+11,7,2B61,C
9.99999E+11,11,2B61,D
9.99999E+11,30,2B61,F
1E+11,1,2B61,G
9.99999E+11,25,2B62,B
9.99999E+11,25,2B62,C
9.99999E+11,17,2B62,D
9.99999E+11,24,2B62,E
9.99999E+11,7,2B62,F
9.99999E+11,30,2B62,G
1E+11,1,2B63,B
9.99998E+11,3,2B63,D
1E+11,2,2B63,E
1E+11,12,2B63,F
9.99999E+11,1,2B63,G
1E+11,1,2B64,C
9.99999E+11,13,2B64,D
9.99998E+11,12,2B64,E
1E+11,1,2B64,F
1E+11,5,2B65,B
1E+11,15,2B65,D
1E+11,1,2B65,E
9.99999E+11,17,2B65,F
1E+11,18,2B65,G
1E+11,1,2B66,C
1E+11,1,2B66,D
1E+11,7,2B66,E
1E+11,6,2B66,F
1E+11,1,2B66,F
1E+11,1,2B67,B
1E+11,1,2B67,B
1E+11,15,2B67,C
1E+11,21,2B67,D
1E+11,10,2B67,E
1E+11,13,2B67,F
1E+11,1,2B67,G
1E+11,1,2B68,B
1E+11,5,2B68,C
1E+11,1,2B68,D
1E+11,1,2B68,F
1E+11,5,2B68,G
9.99998E+11,1,2B69,C
1E+11,8,2B69,D
1E+11,1,2B69,E
1E+11,15,2B69,F
1E+11,3,2B6,B
1E+11,21,2B6,C
1E+11,2,2B6,D
1E+11,2,2B6,E
1E+11,1,2B6,F
1E+11,3,2B6,G
1E+11,8,2B70,B
1E+11,3,2B70,E
1E+11,1,2B70,F
1E+11,1,2B70,G
1E+11,4,2B71,B
1E+11,8,2B71,D
1E+11,13,2B71,E
9.99998E+11,17,2B71,F
1E+11,2,2B72,C
1E+11,20,2B72,D
1E+11,4,2B72,E
1E+11,15,2B72,F
1E+11,4,2B73,C
1E+11,12,2B73,E
1E+11,10,2B73,F
1E+11,22,2B74,D
1E+11,11,2B74,E
1E+11,12,2B74,F
1E+11,2,2B74,G
9.99998E+11,7,2B74,H
1E+11,7,2B75,C
1E+11,10,2B75,E
1E+11,6,2B75,F
1E+11,6,2B76,C
1E+11,18,2B76,E
1E+11,9,2B76,F
9.99999E+11,19,2B77,D
1E+11,8,2B77,E
1E+11,3,2B77,F
1E+11,5,2B78,C
1E+11,10,2B78,D
1E+11,7,2B78,E
1E+11,17,2B78,F
1E+11,13,2B79,D
1E+11,6,2B79,E
1E+11,9,2B79,F
1E+11,15,2B7,B
1E+11,6,2B7,C
1E+11,3,2B7,D
1E+11,4,2B7,E
1E+11,44,2B7,F
1E+11,59,2B7,G
1E+11,29,2B7,H
1E+11,5,2B80,C
1E+11,10,2B80,D
1E+11,10,2B80,E
1E+11,5,2B80,F
9.99998E+11,2,2B80,H
1E+11,9,2B81,C
1E+11,16,2B81,D
1E+11,65,2B81,E
1E+11,8,2B81,F
1E+11,3,2B81,G
1E+11,3,2B82,C
1E+11,15,2B82,D
1E+11,4,2B82,E
1E+11,10,2B82,F
1E+11,18,2B83,C
1E+11,20,2B83,D
1E+11,24,2B83,E
1E+11,13,2B83,F
1E+11,5,2B84,C
1E+11,3,2B84,D
1E+11,20,2B84,E
9.99998E+11,17,2B85,C
1E+11,10,2B85,E
1E+11,1,2B85,H
1E+11,10,2B86,B
1E+11,12,2B86,C
1E+11,13,2B86,E
1E+11,14,2B87,D
9.99999E+11,21,2B87,G
1E+11,23,2B88,C
1E+11,12,2B88,E
1E+11,12,2B89,E
1E+11,3,2B8,B
1E+11,1,2B8,D
1E+11,1,2B8,E
1E+11,2,2B8,F
9.99997E+11,14,2B90,B
9.99997E+11,14,2B90,C
1E+11,2,2B90,E
1E+11,3,2B91,B
1E+11,4,2B91,E
1E+11,19,2B92,B
1E+11,25,2B92,C
1E+11,25,2B92,D
1E+11,25,2B92,E
1E+11,23,2B92,F
1E+11,50,2B92,G
9.99999E+11,9,2B92,H
1E+11,15,2B93,D
1E+11,11,2B93,G
1E+11,2,2B93,H
9.99998E+11,19,2B94,C
9.99998E+11,3,2B94,D
1E+11,19,2B95,C
1E+11,12,2B95,D
1E+11,14,2B95,E
1E+11,3,2B96,D
1E+11,13,2B96,E
1E+11,6,2B97,E
1E+11,12,2B97,F
1E+11,8,2B99,C
1E+11,16,2B99,D
1E+11,5,2B9,C
1E+11,15,2B9,D
1E+11,15,2B9,E
1E+11,31,2B9,F
1E+11,46,2B9,G
1E+11,45,2B9,H